{
    "name": "root",
    "metadata": {
        "timer_format_version": "0.1.0",
        "start_time_seconds": "1635132051",
        "python_version": "3.8.3 (tags/v3.8.3:6f8c832, May 13 2020, 22:37:02) [MSC v.1924 64 bit (AMD64)]",
        "command_line_arguments": "C:\\Users\\Ryan\\AppData\\Local\\Programs\\Python\\Python38\\Scripts\\mlagents-learn space_training.yaml --run-id=100 --force",
        "mlagents_version": "0.27.0",
        "mlagents_envs_version": "0.27.0",
        "communication_protocol_version": "1.5.0",
        "pytorch_version": "1.10.0+cpu",
        "numpy_version": "1.19.3",
        "end_time_seconds": "1635132094"
    },
    "total": 43.418869,
    "count": 1,
    "self": 0.004036299999995663,
    "children": {
        "run_training.setup": {
            "total": 0.08881539999999999,
            "count": 1,
            "self": 0.08881539999999999
        },
        "TrainerController.start_learning": {
            "total": 43.326017300000004,
            "count": 1,
            "self": 0.02471280000008136,
            "children": {
                "TrainerController._reset_env": {
                    "total": 6.0127775,
                    "count": 1,
                    "self": 6.0127775
                },
                "TrainerController.advance": {
                    "total": 36.911984599999926,
                    "count": 1464,
                    "self": 0.02080589999997784,
                    "children": {
                        "env_step": {
                            "total": 36.55161569999991,
                            "count": 1464,
                            "self": 27.36311709999989,
                            "children": {
                                "SubprocessEnvManager._take_step": {
                                    "total": 9.17279670000005,
                                    "count": 1464,
                                    "self": 0.11542990000007869,
                                    "children": {
                                        "TorchPolicy.evaluate": {
                                            "total": 9.057366799999972,
                                            "count": 2928,
                                            "self": 0.6308449000001168,
                                            "children": {
                                                "TorchPolicy.sample_actions": {
                                                    "total": 8.426521899999855,
                                                    "count": 2928,
                                                    "self": 8.426521899999855
                                                }
                                            }
                                        }
                                    }
                                },
                                "workers": {
                                    "total": 0.015701899999964297,
                                    "count": 1463,
                                    "self": 0.0,
                                    "children": {
                                        "worker_root": {
                                            "total": 36.872012500000096,
                                            "count": 1463,
                                            "is_parallel": true,
                                            "self": 11.370579200000062,
                                            "children": {
                                                "steps_from_proto": {
                                                    "total": 0.0005496999999996532,
                                                    "count": 2,
                                                    "is_parallel": true,
                                                    "self": 0.00029600000000051807,
                                                    "children": {
                                                        "_process_rank_one_or_two_observation": {
                                                            "total": 0.00025369999999913517,
                                                            "count": 4,
                                                            "is_parallel": true,
                                                            "self": 0.00025369999999913517
                                                        }
                                                    }
                                                },
                                                "UnityEnvironment.step": {
                                                    "total": 25.500883600000034,
                                                    "count": 1463,
                                                    "is_parallel": true,
                                                    "self": 0.10831879999994598,
                                                    "children": {
                                                        "UnityEnvironment._generate_step_input": {
                                                            "total": 0.643418000000012,
                                                            "count": 1463,
                                                            "is_parallel": true,
                                                            "self": 0.643418000000012
                                                        },
                                                        "communicator.exchange": {
                                                            "total": 24.070152999999983,
                                                            "count": 1463,
                                                            "is_parallel": true,
                                                            "self": 24.070152999999983
                                                        },
                                                        "steps_from_proto": {
                                                            "total": 0.6789938000000912,
                                                            "count": 2926,
                                                            "is_parallel": true,
                                                            "self": 0.38796480000010103,
                                                            "children": {
                                                                "_process_rank_one_or_two_observation": {
                                                                    "total": 0.2910289999999902,
                                                                    "count": 5852,
                                                                    "is_parallel": true,
                                                                    "self": 0.2910289999999902
                                                                }
                                                            }
                                                        }
                                                    }
                                                }
                                            }
                                        }
                                    }
                                }
                            }
                        },
                        "trainer_advance": {
                            "total": 0.3395630000000436,
                            "count": 1463,
                            "self": 0.028143000000079965,
                            "children": {
                                "process_trajectory": {
                                    "total": 0.3114199999999636,
                                    "count": 1463,